prefix, first_name, middle, last_name, suffix, phone_number, phone_extension
Mr.,John,,Doe,,1.415.472.8178,
Mr.,Jim,,Doe,,1.415.472.8179,
Mrs.,Francis,,Doe,,1.415.472.8180,
Mrs.,Shelly,,Doe,,1.415.472.8181,
Ms.,Hildegard,,Doe,,1.415.472.8182,
Ms.,Rubina,,Doe,,1.415.472.8183,
Dr.,Yoho,,Doe,,1.415.472.8184,
Dr.,Franklin,,Doe,,1.415.472.8178,
Mr.,Mister,,Doe,,1.415.472.8178,
Mrs.,Gretchen,,Doe,,1.415.472.8178,
Ms.,Jane,,Doe,,1.415.472.8178,
Dr.,Julia,,Doe,,1.415.472.8178,
Dr.,Mark,,Doe,,1.415.472.8178,
